{
      "Points": [
            {
                  "name": "red_base",
                  "x": 1.760,
                  "y": -7.5,
                  "z": 1.118
            },
            {
                  "name": "blue_outpost",
                  "x": 16.776,
                  "y": -2.435,
                  "z": 1.581
            },
            {
                  "name": "red_outpost",
                  "x": 11.176,
                  "y": -12.565,
                  "z": 1.581
            },
            {
                  "name": "blue_base",
                  "x": 26.162,
                  "y": -7.5,
                  "z": 1.581
            },
            {
                  "name": "r_rt",
                  "x": 8.805,
                  "y": -6.388,
                  "z": 0.615
            },
            {
                  "name": "r_lt",
                  "x": 8.805,
                  "y": -5.728,
                  "z": 0.615
            },
            {
                  "name": "b_rt",
                  "x": 19.200,
                  "y": -8.612,
                  "z": 0.615
            },
            {
                  "name": "b_lt",
                  "x": 19.200,
                  "y": -9.272,
                  "z": 0.615
            }
      ],
      "when_enemy_red": [
            "red_base",
            "blue_outpost",
            "b_rt",
            "b_lt"
      ],
      "when_enemy_blue": [
            "blue_base",
            "red_outpost",
            "r_rt",
            "r_lt"
      ]
}
