{
      "Points": [
            {
                  "name": "red_base",
                  "x": 1.2,
                  "y": -1.4,
                  "z": 0.5
            },
            {
                  "name": "blue_outpost",
                  "x": 6.9,
                  "y": -5.32,
                  "z": 1.35
            },
            {
                  "name": "red_outpost",
                  "x": 11.176,
                  "y": -12.565,
                  "z": 1.581
            },
            {
                  "name": "blue_base",
                  "x": 26.162,
                  "y": -7.5,
                  "z": 1.581
            },
            {
                  "name": "r_rt",
                  "x": 8.805,
                  "y": -6.388,
                  "z": 0.615
            },
            {
                  "name": "r_lt",
                  "x": 8.805,
                  "y": -5.728,
                  "z": 0.615
            },
            {
                  "name": "b_rt",
                  "x": 7.05,
                  "y": -4.0,
                  "z": 0.0
            },
            {
                  "name": "b_lt",
                  "x": 5.15,
                  "y": -1.18,
                  "z": 0.47
            }
      ],
      "when_enemy_red": [
            "red_base",
            "blue_outpost",
            "b_rt",
            "b_lt"
      ],
      "when_enemy_blue": [
            "blue_base",
            "red_outpost",
            "r_rt",
            "r_lt"
      ]
}
